task_id	is_resolved	native_is_resolved	failure_mode	parser_results	n_input_tok	n_output_tok	agent_dur_s	test_dur_s	n_episodes	recording_path
adaptive-rejection-sampler	UNRESOLVED	False	agent_timeout	test_ars_function_exists=passed;test_has_test_function=passed;test_formal_testing_with_known_truth=passed;test_implementation_is_modular=passed;test_implementation_handles_errors=passed;test_input_validation_functionality=passed;test_log_concavity_functionality=passed;test_can_generate_standard_distribution_samples=failed;test_sample_files_generated=failed	0	0	7500.2	1.5	35	tb21_full89_batched_batch_01_of_01_terminus-2_c32_tb21_inst2507_t2_c32_0712170859_attempt1_medium_c32/adaptive-rejection-sampler/adaptive-rejection-sampler.1-of-1.tb21_full89_batched_batch_01_of_01_terminus-2_c32_tb21_inst2507_t2_c32_0712170859_attempt1_medium_c32/sessions/agent.cast
bn-fit-modify	UNRESOLVED	False	unset	test_learned_dag_structure_exists=passed;test_learned_dag_structure_csv_col_names=passed;test_intervened_dag_structure_exists=passed;test_intervened_dag_structure_csv_col_names=passed;test_bn_sample_exists=failed;test_learned_dag_structure=failed;test_intervened__data_structure=failed;test_sampled_csv_col_names=failed;test_sampled_data=failed	53482	4705	882.0	1.4	8	tb21_full89_batched_batch_01_of_01_terminus-2_c32_tb21_inst2507_t2_c32_0712170859_attempt1_medium_c32/bn-fit-modify/bn-fit-modify.1-of-1.tb21_full89_batched_batch_01_of_01_terminus-2_c32_tb21_inst2507_t2_c32_0712170859_attempt1_medium_c32/sessions/agent.cast
break-filter-js-from-html	UNRESOLVED	False	agent_timeout	test_out_html_bypasses_filter=failed	0	0	7500.2	6.3	149	tb21_full89_batched_batch_01_of_01_terminus-2_c32_tb21_inst2507_t2_c32_0712170859_attempt1_medium_c32/break-filter-js-from-html/break-filter-js-from-html.1-of-1.tb21_full89_batched_batch_01_of_01_terminus-2_c32_tb21_inst2507_t2_c32_0712170859_attempt1_medium_c32/sessions/agent.cast
build-cython-ext	UNRESOLVED	False	unset	test_numpy_version=passed;test_repo_cloned=passed;test_pyknotid_core_import=failed;test_chelpers_cython_extension=failed;test_ccomplexity_cython_extension=failed;test_cinvariants_cython_extension=failed;test_chelpers=failed;test_ccomplexity=failed;test_cinvariants_python_vs_cython=failed;test_example_usage=failed;test_pyknotid_repository_tests=failed	90924	5135	1645.0	2.7	12	tb21_full89_batched_batch_01_of_01_terminus-2_c32_tb21_inst2507_t2_c32_0712170859_attempt1_medium_c32/build-cython-ext/build-cython-ext.1-of-1.tb21_full89_batched_batch_01_of_01_terminus-2_c32_tb21_inst2507_t2_c32_0712170859_attempt1_medium_c32/sessions/agent.cast
build-pmars	UNRESOLVED	False	agent_timeout	test_debian_source_used=passed;test_built_from_source=passed;test_pmars_works=failed;test_headless_no_x11=failed	0	0	7500.1	0.4	87	tb21_full89_batched_batch_01_of_01_terminus-2_c32_tb21_inst2507_t2_c32_0712170859_attempt1_medium_c32/build-pmars/build-pmars.1-of-1.tb21_full89_batched_batch_01_of_01_terminus-2_c32_tb21_inst2507_t2_c32_0712170859_attempt1_medium_c32/sessions/agent.cast
build-pov-ray	UNRESOLVED	False	unset	test_illum1_render_and_verify=failed;test_povray_version=failed;test_povray_built_from_correct_source=failed	32808	3145	147.9	1.5	8	tb21_full89_batched_batch_01_of_01_terminus-2_c32_tb21_inst2507_t2_c32_0712170859_attempt1_medium_c32/build-pov-ray/build-pov-ray.1-of-1.tb21_full89_batched_batch_01_of_01_terminus-2_c32_tb21_inst2507_t2_c32_0712170859_attempt1_medium_c32/sessions/agent.cast
caffe-cifar-10	UNRESOLVED	False	agent_timeout	test_prototxt_files_exist=passed;test_caffe_version_and_source=failed;test_cifar10_model_exists=failed;test_cpu_only_training_configured=failed;test_training_completed_500_iterations=failed;test_model_accuracy_verification=failed	0	0	7500.1	0.5	35	tb21_full89_batched_batch_01_of_01_terminus-2_c32_tb21_inst2507_t2_c32_0712170859_attempt1_medium_c32/caffe-cifar-10/caffe-cifar-10.1-of-1.tb21_full89_batched_batch_01_of_01_terminus-2_c32_tb21_inst2507_t2_c32_0712170859_attempt1_medium_c32/sessions/agent.cast
cancel-async-tasks	UNRESOLVED	False	unset	test_run_py_file_exists=passed;test_tasks_run_concurrently=passed;test_tasks_obey_max_concurrent=passed;test_tasks_cancel_below_max_concurrent=passed;test_tasks_cancel_at_max_concurrent=passed;test_tasks_cancel_above_max_concurrent=failed	2575	633	16.7	13.3	2	tb21_full89_batched_batch_01_of_01_terminus-2_c32_tb21_inst2507_t2_c32_0712170859_attempt1_medium_c32/cancel-async-tasks/cancel-async-tasks.1-of-1.tb21_full89_batched_batch_01_of_01_terminus-2_c32_tb21_inst2507_t2_c32_0712170859_attempt1_medium_c32/sessions/agent.cast
chess-best-move	UNRESOLVED	False	unset	test_move_correct=failed	1909	484	5.6	0.5	2	tb21_full89_batched_batch_01_of_01_terminus-2_c32_tb21_inst2507_t2_c32_0712170859_attempt1_medium_c32/chess-best-move/chess-best-move.1-of-1.tb21_full89_batched_batch_01_of_01_terminus-2_c32_tb21_inst2507_t2_c32_0712170859_attempt1_medium_c32/sessions/agent.cast
circuit-fibsqrt	UNRESOLVED	False	agent_timeout	test_gates_file_exists=passed;test_gates_file_size=passed;test_sqrt_fib=failed	0	0	7500.2	0.6	1	tb21_full89_batched_batch_01_of_01_terminus-2_c32_tb21_inst2507_t2_c32_0712170859_attempt1_medium_c32/circuit-fibsqrt/circuit-fibsqrt.1-of-1.tb21_full89_batched_batch_01_of_01_terminus-2_c32_tb21_inst2507_t2_c32_0712170859_attempt1_medium_c32/sessions/agent.cast
cobol-modernization	UNRESOLVED	False	agent_timeout	test_required_files_exist=passed;test_data_files_exist=passed;test_program_output=failed	0	0	7500.3	0.7	67	tb21_full89_batched_batch_01_of_01_terminus-2_c32_tb21_inst2507_t2_c32_0712170859_attempt1_medium_c32/cobol-modernization/cobol-modernization.1-of-1.tb21_full89_batched_batch_01_of_01_terminus-2_c32_tb21_inst2507_t2_c32_0712170859_attempt1_medium_c32/sessions/agent.cast
code-from-image	UNRESOLVED	False	unset	test_output_file_exists=passed;test_output_is_correct=failed	12300	2102	44.7	0.4	6	tb21_full89_batched_batch_01_of_01_terminus-2_c32_tb21_inst2507_t2_c32_0712170859_attempt1_medium_c32/code-from-image/code-from-image.1-of-1.tb21_full89_batched_batch_01_of_01_terminus-2_c32_tb21_inst2507_t2_c32_0712170859_attempt1_medium_c32/sessions/agent.cast
compile-compcert	UNRESOLVED	False	agent_timeout	test_compcert_exists_and_executable=failed;test_compcert_valid_and_functional=failed;test_compcert_rejects_unsupported_feature=failed	0	0	7500.3	0.9	574	tb21_full89_batched_batch_01_of_01_terminus-2_c32_tb21_inst2507_t2_c32_0712170859_attempt1_medium_c32/compile-compcert/compile-compcert.1-of-1.tb21_full89_batched_batch_01_of_01_terminus-2_c32_tb21_inst2507_t2_c32_0712170859_attempt1_medium_c32/sessions/agent.cast
configure-git-webserver	RESOLVED	True	unset	test_hello_html_exists=passed	38906	4394	118.5	2.3	8	tb21_full89_batched_batch_01_of_01_terminus-2_c32_tb21_inst2507_t2_c32_0712170859_attempt1_medium_c32/configure-git-webserver/configure-git-webserver.1-of-1.tb21_full89_batched_batch_01_of_01_terminus-2_c32_tb21_inst2507_t2_c32_0712170859_attempt1_medium_c32/sessions/agent.cast
constraints-scheduling	UNRESOLVED	False	unset	test_structure_event_title_attendees_duration_window=passed;test_constraints_conflicts_business_hours=failed;test_earliest_tiebreakers_and_carol_buffer=failed	40119	4553	50.6	1.2	8	tb21_full89_batched_batch_01_of_01_terminus-2_c32_tb21_inst2507_t2_c32_0712170859_attempt1_medium_c32/constraints-scheduling/constraints-scheduling.1-of-1.tb21_full89_batched_batch_01_of_01_terminus-2_c32_tb21_inst2507_t2_c32_0712170859_attempt1_medium_c32/sessions/agent.cast
count-dataset-tokens	UNRESOLVED	False	unset	test_command_output_content_example=failed	31997	2945	120.3	0.3	8	tb21_full89_batched_batch_01_of_01_terminus-2_c32_tb21_inst2507_t2_c32_0712170859_attempt1_medium_c32/count-dataset-tokens/count-dataset-tokens.1-of-1.tb21_full89_batched_batch_01_of_01_terminus-2_c32_tb21_inst2507_t2_c32_0712170859_attempt1_medium_c32/sessions/agent.cast
crack-7z-hash	UNRESOLVED	False	agent_timeout	test_solution_file=failed;test_solution_content=failed	0	0	7500.2	0.4	376	tb21_full89_batched_batch_01_of_01_terminus-2_c32_tb21_inst2507_t2_c32_0712170859_attempt1_medium_c32/crack-7z-hash/crack-7z-hash.1-of-1.tb21_full89_batched_batch_01_of_01_terminus-2_c32_tb21_inst2507_t2_c32_0712170859_attempt1_medium_c32/sessions/agent.cast
custom-memory-heap-crash	UNRESOLVED	False	unset	test_protected_files_not_modified=passed;test_program_compiles_debug=passed;test_program_compiles_release=passed;test_debug_build_runs_without_crash=passed;test_no_memory_leaks_with_valgrind=passed;test_release_build_runs_without_crash=failed	15043	2453	40.3	7.7	4	tb21_full89_batched_batch_01_of_01_terminus-2_c32_tb21_inst2507_t2_c32_0712170859_attempt1_medium_c32/custom-memory-heap-crash/custom-memory-heap-crash.1-of-1.tb21_full89_batched_batch_01_of_01_terminus-2_c32_tb21_inst2507_t2_c32_0712170859_attempt1_medium_c32/sessions/agent.cast
db-wal-recovery	UNRESOLVED	False	unset	test_recovered_json_exists=passed;test_recovered_json_is_valid=passed;test_recovered_data_structure=passed;test_recovered_data_sorted=passed;test_no_duplicate_ids=passed;test_recovered_data_completeness=failed;test_wal_was_decrypted - AssertionError: Only base data recovered=failed	44794	3644	55.3	0.5	14	tb21_full89_batched_batch_01_of_01_terminus-2_c32_tb21_inst2507_t2_c32_0712170859_attempt1_medium_c32/db-wal-recovery/db-wal-recovery.1-of-1.tb21_full89_batched_batch_01_of_01_terminus-2_c32_tb21_inst2507_t2_c32_0712170859_attempt1_medium_c32/sessions/agent.cast
distribution-search	UNRESOLVED	False	unset	test_distribution_file_exists=failed;test_distribution_shape=failed;test_distribution_validity=failed;test_kl_divergences=failed	107288	9134	277.1	0.5	15	tb21_full89_batched_batch_01_of_01_terminus-2_c32_tb21_inst2507_t2_c32_0712170859_attempt1_medium_c32/distribution-search/distribution-search.1-of-1.tb21_full89_batched_batch_01_of_01_terminus-2_c32_tb21_inst2507_t2_c32_0712170859_attempt1_medium_c32/sessions/agent.cast
dna-assembly	UNRESOLVED	False	unset	test_primers=failed	85872	6977	735.5	0.3	9	tb21_full89_batched_batch_01_of_01_terminus-2_c32_tb21_inst2507_t2_c32_0712170859_attempt1_medium_c32/dna-assembly/dna-assembly.1-of-1.tb21_full89_batched_batch_01_of_01_terminus-2_c32_tb21_inst2507_t2_c32_0712170859_attempt1_medium_c32/sessions/agent.cast
dna-insert	UNRESOLVED	False	agent_timeout	test_primers=failed	0	0	7500.2	0.3	32	tb21_full89_batched_batch_01_of_01_terminus-2_c32_tb21_inst2507_t2_c32_0712170859_attempt1_medium_c32/dna-insert/dna-insert.1-of-1.tb21_full89_batched_batch_01_of_01_terminus-2_c32_tb21_inst2507_t2_c32_0712170859_attempt1_medium_c32/sessions/agent.cast
extract-elf	UNRESOLVED	False	unset	test_extract_js_exists=passed;test_output_matches_reference=failed	16370	1291	17.8	0.8	4	tb21_full89_batched_batch_01_of_01_terminus-2_c32_tb21_inst2507_t2_c32_0712170859_attempt1_medium_c32/extract-elf/extract-elf.1-of-1.tb21_full89_batched_batch_01_of_01_terminus-2_c32_tb21_inst2507_t2_c32_0712170859_attempt1_medium_c32/sessions/agent.cast
extract-moves-from-video	UNRESOLVED	False	agent_timeout	test_solution_file_exists=failed;test_solution_content_similarity=failed	0	0	7500.2	0.3	1	tb21_full89_batched_batch_01_of_01_terminus-2_c32_tb21_inst2507_t2_c32_0712170859_attempt1_medium_c32/extract-moves-from-video/extract-moves-from-video.1-of-1.tb21_full89_batched_batch_01_of_01_terminus-2_c32_tb21_inst2507_t2_c32_0712170859_attempt1_medium_c32/sessions/agent.cast
feal-differential-cryptanalysis	UNRESOLVED	False	agent_timeout	test_feal_differential_cryptanalysis_attack=failed	0	0	7500.3	1.5	34	tb21_full89_batched_batch_01_of_01_terminus-2_c32_tb21_inst2507_t2_c32_0712170859_attempt1_medium_c32/feal-differential-cryptanalysis/feal-differential-cryptanalysis.1-of-1.tb21_full89_batched_batch_01_of_01_terminus-2_c32_tb21_inst2507_t2_c32_0712170859_attempt1_medium_c32/sessions/agent.cast
feal-linear-cryptanalysis	UNRESOLVED	False	agent_timeout	test_attack=failed	0	0	7500.2	0.3	23	tb21_full89_batched_batch_01_of_01_terminus-2_c32_tb21_inst2507_t2_c32_0712170859_attempt1_medium_c32/feal-linear-cryptanalysis/feal-linear-cryptanalysis.1-of-1.tb21_full89_batched_batch_01_of_01_terminus-2_c32_tb21_inst2507_t2_c32_0712170859_attempt1_medium_c32/sessions/agent.cast
filter-js-from-html	UNRESOLVED	False	unset	test_filter_blocks_xss=failed;test_clean_html_unchanged=failed	39915	4440	51.2	2.0	9	tb21_full89_batched_batch_01_of_01_terminus-2_c32_tb21_inst2507_t2_c32_0712170859_attempt1_medium_c32/filter-js-from-html/filter-js-from-html.1-of-1.tb21_full89_batched_batch_01_of_01_terminus-2_c32_tb21_inst2507_t2_c32_0712170859_attempt1_medium_c32/sessions/agent.cast
financial-document-processor	UNRESOLVED	False	unset	test_directories_created=passed;test_summary_csv_exists=passed;test_original_documents_dir_empty=passed;test_invoices_moved_correctly=failed;test_other_documents_moved_correctly=failed;test_summary_csv_structure=failed;test_summary_csv_content=failed	15578	2047	29.0	2.1	6	tb21_full89_batched_batch_01_of_01_terminus-2_c32_tb21_inst2507_t2_c32_0712170859_attempt1_medium_c32/financial-document-processor/financial-document-processor.1-of-1.tb21_full89_batched_batch_01_of_01_terminus-2_c32_tb21_inst2507_t2_c32_0712170859_attempt1_medium_c32/sessions/agent.cast
fix-code-vulnerability	UNRESOLVED	False	agent_timeout	test_report_file_exists_example=passed;test_vul_file=passed;test_hkey_basic_cases=passed;test_hkey_real_world_examples=passed;test_cwe_id=failed;test_hkey_error_cases=failed	0	0	7500.2	0.4	241	tb21_full89_batched_batch_01_of_01_terminus-2_c32_tb21_inst2507_t2_c32_0712170859_attempt1_medium_c32/fix-code-vulnerability/fix-code-vulnerability.1-of-1.tb21_full89_batched_batch_01_of_01_terminus-2_c32_tb21_inst2507_t2_c32_0712170859_attempt1_medium_c32/sessions/agent.cast
fix-git	UNRESOLVED	False	unset	test_about_file=failed;test_layout_file=failed	21089	2002	51.7	0.4	7	tb21_full89_batched_batch_01_of_01_terminus-2_c32_tb21_inst2507_t2_c32_0712170859_attempt1_medium_c32/fix-git/fix-git.1-of-1.tb21_full89_batched_batch_01_of_01_terminus-2_c32_tb21_inst2507_t2_c32_0712170859_attempt1_medium_c32/sessions/agent.cast
fix-ocaml-gc	UNRESOLVED	False	context_length_exceeded	test_tests_output=failed	None	None	5024.8	10.4	191	tb21_full89_batched_batch_01_of_01_terminus-2_c32_tb21_inst2507_t2_c32_0712170859_attempt1_medium_c32/fix-ocaml-gc/fix-ocaml-gc.1-of-1.tb21_full89_batched_batch_01_of_01_terminus-2_c32_tb21_inst2507_t2_c32_0712170859_attempt1_medium_c32/sessions/agent.cast
gcode-to-text	UNRESOLVED	False	unset	test_hello_file_exists=passed;test_hello_file_content=failed	5502	1184	15.0	0.4	4	tb21_full89_batched_batch_01_of_01_terminus-2_c32_tb21_inst2507_t2_c32_0712170859_attempt1_medium_c32/gcode-to-text/gcode-to-text.1-of-1.tb21_full89_batched_batch_01_of_01_terminus-2_c32_tb21_inst2507_t2_c32_0712170859_attempt1_medium_c32/sessions/agent.cast
git-leak-recovery	UNRESOLVED	False	unset	test_no_secrets_in_commits=passed;test_good_commits_preserved=passed;test_no_secrets_in_unreachable_objects=passed;test_repository_contents_checksum=passed;test_flag_file_exists_and_correct=failed	45000	4404	979.0	0.6	13	tb21_full89_batched_batch_01_of_01_terminus-2_c32_tb21_inst2507_t2_c32_0712170859_attempt1_medium_c32/git-leak-recovery/git-leak-recovery.1-of-1.tb21_full89_batched_batch_01_of_01_terminus-2_c32_tb21_inst2507_t2_c32_0712170859_attempt1_medium_c32/sessions/agent.cast
git-multibranch	UNRESOLVED	False	unset	test_multi_branch_https_deploy=failed	141329	7483	253.8	1.4	16	tb21_full89_batched_batch_01_of_01_terminus-2_c32_tb21_inst2507_t2_c32_0712170859_attempt1_medium_c32/git-multibranch/git-multibranch.1-of-1.tb21_full89_batched_batch_01_of_01_terminus-2_c32_tb21_inst2507_t2_c32_0712170859_attempt1_medium_c32/sessions/agent.cast
gpt2-codegolf	UNRESOLVED	False	unset	test_gpt2_implementation=failed	17219	2658	31.0	0.9	5	tb21_full89_batched_batch_01_of_01_terminus-2_c32_tb21_inst2507_t2_c32_0712170859_attempt1_medium_c32/gpt2-codegolf/gpt2-codegolf.1-of-1.tb21_full89_batched_batch_01_of_01_terminus-2_c32_tb21_inst2507_t2_c32_0712170859_attempt1_medium_c32/sessions/agent.cast
headless-terminal	UNRESOLVED	False	agent_timeout	test_import=failed;test_send_non_interactive_command=failed;test_send_interactive_command=failed;test_cancel_command=failed;test_startup_files=failed;test_shell_state_persists_between_commands=failed;test_background_commands=failed	0	0	7500.0	0.5	176	tb21_full89_batched_batch_01_of_01_terminus-2_c32_tb21_inst2507_t2_c32_0712170859_attempt1_medium_c32/headless-terminal/headless-terminal.1-of-1.tb21_full89_batched_batch_01_of_01_terminus-2_c32_tb21_inst2507_t2_c32_0712170859_attempt1_medium_c32/sessions/agent.cast
hf-model-inference	RESOLVED	True	unset	test_model_downloaded=passed;test_flask_api_running=passed;test_sentiment_endpoint=passed;test_api_error_handling=passed	23508	1902	603.1	5.6	6	tb21_full89_batched_batch_01_of_01_terminus-2_c32_tb21_inst2507_t2_c32_0712170859_attempt1_medium_c32/hf-model-inference/hf-model-inference.1-of-1.tb21_full89_batched_batch_01_of_01_terminus-2_c32_tb21_inst2507_t2_c32_0712170859_attempt1_medium_c32/sessions/agent.cast
install-windows-3.11	UNRESOLVED	False	unset	test_network_status=passed;test_qemu_running_with_correct_params=passed;test_windows_311_core_files_verification=passed;test_windows_keys_with_visual_feedback=failed	9020	1698	37.4	15.2	4	tb21_full89_batched_batch_01_of_01_terminus-2_c32_tb21_inst2507_t2_c32_0712170859_attempt1_medium_c32/install-windows-3.11/install-windows-3.11.1-of-1.tb21_full89_batched_batch_01_of_01_terminus-2_c32_tb21_inst2507_t2_c32_0712170859_attempt1_medium_c32/sessions/agent.cast
kv-store-grpc	UNRESOLVED	False	unset	test_proto_file_creation=passed;test_grpc_tools_installation=passed;test_protobuf_generation=passed;test_server_file_creation=passed;test_real_grpc_server_running - AssertionError: Port 5328 is not listening=failed;test_grpc_protocol_handshake=failed;test_grpc_server_functionality=failed	3544	945	19.7	0.4	2	tb21_full89_batched_batch_01_of_01_terminus-2_c32_tb21_inst2507_t2_c32_0712170859_attempt1_medium_c32/kv-store-grpc/kv-store-grpc.1-of-1.tb21_full89_batched_batch_01_of_01_terminus-2_c32_tb21_inst2507_t2_c32_0712170859_attempt1_medium_c32/sessions/agent.cast
large-scale-text-editing	UNRESOLVED	False	unset	test_apply_macros_exists=passed;test_apply_macros_well_formed=passed;test_macros_nonempty_and_efficient=passed;test_apply_macros_runs=failed;test_input_equiv_expected=failed	7038	1358	16.9	600.8	4	tb21_full89_batched_batch_01_of_01_terminus-2_c32_tb21_inst2507_t2_c32_0712170859_attempt1_medium_c32/large-scale-text-editing/large-scale-text-editing.1-of-1.tb21_full89_batched_batch_01_of_01_terminus-2_c32_tb21_inst2507_t2_c32_0712170859_attempt1_medium_c32/sessions/agent.cast
largest-eigenval	UNRESOLVED	False	unset	test_eigen_pair[2]=passed;test_eigen_pair[3]=passed;test_eigen_pair[4]=passed;test_eigen_pair[5]=passed;test_eigen_pair[6]=passed;test_eigen_pair[7]=passed;test_eigen_pair[8]=passed;test_eigen_pair[9]=passed;test_eigen_pair[10]=passed;test_dominance_eigenvalue[2]=failed;test_dominance_eigenvalue[3]=failed;test_dominance_eigenvalue[4]=failed;test_dominance_eigenvalue[5]=failed;test_dominance_eigenvalue[6]=failed;test_dominance_eigenvalue[7]=failed;test_dominance_eigenvalue[8]=failed;test_dominance_eigenvalue[9]=failed;test_dominance_eigenvalue[10]=failed;test_speedup[2]=failed;test_speedup[3]=failed;test_speedup[4]=failed;test_speedup[5]=failed;test_speedup[6]=failed;test_speedup[7]=failed;test_speedup[8]=failed;test_speedup[9]=failed;test_speedup[10]=failed	105424	8134	2259.7	0.9	13	tb21_full89_batched_batch_01_of_01_terminus-2_c32_tb21_inst2507_t2_c32_0712170859_attempt1_medium_c32/largest-eigenval/largest-eigenval.1-of-1.tb21_full89_batched_batch_01_of_01_terminus-2_c32_tb21_inst2507_t2_c32_0712170859_attempt1_medium_c32/sessions/agent.cast
llm-inference-batching-scheduler	UNRESOLVED	False	unset	test_output_files_exist=passed;test_input_data_integrity=passed;test_generate_and_schema=passed;test_solution_coverage_no_duplicates=passed;test_solution_shape_feasibility_and_batch_consistency=failed;test_performance_thresholds=failed	33084	3431	40.5	0.5	6	tb21_full89_batched_batch_01_of_01_terminus-2_c32_tb21_inst2507_t2_c32_0712170859_attempt1_medium_c32/llm-inference-batching-scheduler/llm-inference-batching-scheduler.1-of-1.tb21_full89_batched_batch_01_of_01_terminus-2_c32_tb21_inst2507_t2_c32_0712170859_attempt1_medium_c32/sessions/agent.cast
log-summary-date-ranges	UNRESOLVED	False	unset	test_summary_file_exists=passed;test_summary_structure_and_counts=failed	40383	3512	43.2	0.4	5	tb21_full89_batched_batch_01_of_01_terminus-2_c32_tb21_inst2507_t2_c32_0712170859_attempt1_medium_c32/log-summary-date-ranges/log-summary-date-ranges.1-of-1.tb21_full89_batched_batch_01_of_01_terminus-2_c32_tb21_inst2507_t2_c32_0712170859_attempt1_medium_c32/sessions/agent.cast
mailman	UNRESOLVED	null	test_timeout		447899	12949	2138.1	7200.1	30	tb21_full89_batched_batch_01_of_01_terminus-2_c32_tb21_inst2507_t2_c32_0712170859_attempt1_medium_c32/mailman/mailman.1-of-1.tb21_full89_batched_batch_01_of_01_terminus-2_c32_tb21_inst2507_t2_c32_0712170859_attempt1_medium_c32/sessions/agent.cast
make-doom-for-mips	UNRESOLVED	False	agent_timeout	test_vm_execution=failed;test_frame_bmp_exists=failed;test_frame_bmp_similar_to_reference=failed	0	0	7500.2	30.4	116	tb21_full89_batched_batch_01_of_01_terminus-2_c32_tb21_inst2507_t2_c32_0712170859_attempt1_medium_c32/make-doom-for-mips/make-doom-for-mips.1-of-1.tb21_full89_batched_batch_01_of_01_terminus-2_c32_tb21_inst2507_t2_c32_0712170859_attempt1_medium_c32/sessions/agent.cast
make-mips-interpreter	UNRESOLVED	False	agent_timeout	test_vm_execution=failed;test_frame_bmp_exists=failed;test_frame_bmp_similar_to_reference=failed	0	0	7500.2	30.5	119	tb21_full89_batched_batch_01_of_01_terminus-2_c32_tb21_inst2507_t2_c32_0712170859_attempt1_medium_c32/make-mips-interpreter/make-mips-interpreter.1-of-1.tb21_full89_batched_batch_01_of_01_terminus-2_c32_tb21_inst2507_t2_c32_0712170859_attempt1_medium_c32/sessions/agent.cast
mcmc-sampling-stan	UNRESOLVED	False	unset	test_rstan_package_installed=passed;test_hierarchical_model_implemented=passed;test_posterior_alpha_estimation=passed;test_posterior_beta_estimation=passed;test_r_script_created_and_used_rstan=failed;test_stan_model_sampling=failed	16530	2405	68.5	73.1	6	tb21_full89_batched_batch_01_of_01_terminus-2_c32_tb21_inst2507_t2_c32_0712170859_attempt1_medium_c32/mcmc-sampling-stan/mcmc-sampling-stan.1-of-1.tb21_full89_batched_batch_01_of_01_terminus-2_c32_tb21_inst2507_t2_c32_0712170859_attempt1_medium_c32/sessions/agent.cast
merge-diff-arc-agi-task	UNRESOLVED	False	agent_timeout	test_git_repo_init=passed;test_both_bundles_fetched=passed;test_algo_py_exists=passed;test_algo_py_has_map_function=failed;test_algo_map_function_with_test_input=failed	0	0	7500.2	0.5	100	tb21_full89_batched_batch_01_of_01_terminus-2_c32_tb21_inst2507_t2_c32_0712170859_attempt1_medium_c32/merge-diff-arc-agi-task/merge-diff-arc-agi-task.1-of-1.tb21_full89_batched_batch_01_of_01_terminus-2_c32_tb21_inst2507_t2_c32_0712170859_attempt1_medium_c32/sessions/agent.cast
model-extraction-relu-logits	UNRESOLVED	False	unset	test_stolen_matrix_matches=failed	10028	2275	2400.7	0.9	3	tb21_full89_batched_batch_01_of_01_terminus-2_c32_tb21_inst2507_t2_c32_0712170859_attempt1_medium_c32/model-extraction-relu-logits/model-extraction-relu-logits.1-of-1.tb21_full89_batched_batch_01_of_01_terminus-2_c32_tb21_inst2507_t2_c32_0712170859_attempt1_medium_c32/sessions/agent.cast
modernize-scientific-stack	RESOLVED	True	unset	test_modernized_code_runs=passed;test_dependency_file_exists=passed	7223	958	346.3	0.6	4	tb21_full89_batched_batch_01_of_01_terminus-2_c32_tb21_inst2507_t2_c32_0712170859_attempt1_medium_c32/modernize-scientific-stack/modernize-scientific-stack.1-of-1.tb21_full89_batched_batch_01_of_01_terminus-2_c32_tb21_inst2507_t2_c32_0712170859_attempt1_medium_c32/sessions/agent.cast
mteb-leaderboard	UNRESOLVED	False	unset	test_result_exists=passed;test_data_matches=failed	4474	1039	14.2	0.3	3	tb21_full89_batched_batch_01_of_01_terminus-2_c32_tb21_inst2507_t2_c32_0712170859_attempt1_medium_c32/mteb-leaderboard/mteb-leaderboard.1-of-1.tb21_full89_batched_batch_01_of_01_terminus-2_c32_tb21_inst2507_t2_c32_0712170859_attempt1_medium_c32/sessions/agent.cast
mteb-retrieve	UNRESOLVED	False	unset	test_result_exists=passed;test_data_matches=failed	22436	2344	49.4	0.5	7	tb21_full89_batched_batch_01_of_01_terminus-2_c32_tb21_inst2507_t2_c32_0712170859_attempt1_medium_c32/mteb-retrieve/mteb-retrieve.1-of-1.tb21_full89_batched_batch_01_of_01_terminus-2_c32_tb21_inst2507_t2_c32_0712170859_attempt1_medium_c32/sessions/agent.cast
multi-source-data-merger	UNRESOLVED	False	unset	test_output_files_exist=passed;test_conflict_report_values=passed;test_merged_data_exact_values=failed	62054	8649	94.9	1.6	9	tb21_full89_batched_batch_01_of_01_terminus-2_c32_tb21_inst2507_t2_c32_0712170859_attempt1_medium_c32/multi-source-data-merger/multi-source-data-merger.1-of-1.tb21_full89_batched_batch_01_of_01_terminus-2_c32_tb21_inst2507_t2_c32_0712170859_attempt1_medium_c32/sessions/agent.cast
nginx-request-logging	UNRESOLVED	False	unset	test_nginx_installed=passed;test_nginx_running=passed;test_index_page_content=passed;test_nginx_config_syntax=passed;test_log_file_creation=passed;test_log_file_format=passed;test_custom_404_page - AssertionError: Expected 'Page not found=failed;test_nginx_config_settings=failed	28265	3138	55.5	2.5	6	tb21_full89_batched_batch_01_of_01_terminus-2_c32_tb21_inst2507_t2_c32_0712170859_attempt1_medium_c32/nginx-request-logging/nginx-request-logging.1-of-1.tb21_full89_batched_batch_01_of_01_terminus-2_c32_tb21_inst2507_t2_c32_0712170859_attempt1_medium_c32/sessions/agent.cast
openssl-selfsigned-cert	UNRESOLVED	False	agent_timeout	test_directory_structure=passed;test_key_file=passed;test_certificate_file=failed;test_combined_pem_file=failed;test_verification_file=failed;test_python_verification_script=failed	0	0	7500.5	0.6	177	tb21_full89_batched_batch_01_of_01_terminus-2_c32_tb21_inst2507_t2_c32_0712170859_attempt1_medium_c32/openssl-selfsigned-cert/openssl-selfsigned-cert.1-of-1.tb21_full89_batched_batch_01_of_01_terminus-2_c32_tb21_inst2507_t2_c32_0712170859_attempt1_medium_c32/sessions/agent.cast
overfull-hbox	UNRESOLVED	False	unset	test_main_synonyms_not_modified=passed;test_compilation_successful=passed;test_no_overfull_hboxes=failed;test_input_file_matches=failed	144866	5205	1862.9	0.5	19	tb21_full89_batched_batch_01_of_01_terminus-2_c32_tb21_inst2507_t2_c32_0712170859_attempt1_medium_c32/overfull-hbox/overfull-hbox.1-of-1.tb21_full89_batched_batch_01_of_01_terminus-2_c32_tb21_inst2507_t2_c32_0712170859_attempt1_medium_c32/sessions/agent.cast
password-recovery	UNRESOLVED	False	unset	test_recovery_file_exists=passed;test_password_match=failed	38676	3679	91.8	0.6	11	tb21_full89_batched_batch_01_of_01_terminus-2_c32_tb21_inst2507_t2_c32_0712170859_attempt1_medium_c32/password-recovery/password-recovery.1-of-1.tb21_full89_batched_batch_01_of_01_terminus-2_c32_tb21_inst2507_t2_c32_0712170859_attempt1_medium_c32/sessions/agent.cast
path-tracing	UNRESOLVED	False	unset	test_image_c_exists=passed;test_image_compiles=passed;test_no_deps=passed;test_runs_and_produces_output=passed;test_image_similarity=failed	17721	1990	23.1	0.6	4	tb21_full89_batched_batch_01_of_01_terminus-2_c32_tb21_inst2507_t2_c32_0712170859_attempt1_medium_c32/path-tracing/path-tracing.1-of-1.tb21_full89_batched_batch_01_of_01_terminus-2_c32_tb21_inst2507_t2_c32_0712170859_attempt1_medium_c32/sessions/agent.cast
path-tracing-reverse	UNRESOLVED	False	unset	test_image_c_exists=passed;test_image_compiles=passed;test_image_similarity=failed	12239	1991	30.8	0.7	4	tb21_full89_batched_batch_01_of_01_terminus-2_c32_tb21_inst2507_t2_c32_0712170859_attempt1_medium_c32/path-tracing-reverse/path-tracing-reverse.1-of-1.tb21_full89_batched_batch_01_of_01_terminus-2_c32_tb21_inst2507_t2_c32_0712170859_attempt1_medium_c32/sessions/agent.cast
polyglot-c-py	UNRESOLVED	False	unset	test_fibonacci_polyglot=failed	3061	995	12.4	0.5	2	tb21_full89_batched_batch_01_of_01_terminus-2_c32_tb21_inst2507_t2_c32_0712170859_attempt1_medium_c32/polyglot-c-py/polyglot-c-py.1-of-1.tb21_full89_batched_batch_01_of_01_terminus-2_c32_tb21_inst2507_t2_c32_0712170859_attempt1_medium_c32/sessions/agent.cast
polyglot-rust-c	UNRESOLVED	False	agent_timeout	test_fibonacci_polyglot=failed	0	0	7500.2	0.5	145	tb21_full89_batched_batch_01_of_01_terminus-2_c32_tb21_inst2507_t2_c32_0712170859_attempt1_medium_c32/polyglot-rust-c/polyglot-rust-c.1-of-1.tb21_full89_batched_batch_01_of_01_terminus-2_c32_tb21_inst2507_t2_c32_0712170859_attempt1_medium_c32/sessions/agent.cast
portfolio-optimization	UNRESOLVED	False	agent_timeout	test_baseline_functionality=passed;test_c_extension_exists=failed;test_correctness_small=failed;test_performance_and_scalability[5000]=failed;test_performance_and_scalability[6000]=failed;test_performance_and_scalability[8000]=failed	0	0	7500.2	0.4	151	tb21_full89_batched_batch_01_of_01_terminus-2_c32_tb21_inst2507_t2_c32_0712170859_attempt1_medium_c32/portfolio-optimization/portfolio-optimization.1-of-1.tb21_full89_batched_batch_01_of_01_terminus-2_c32_tb21_inst2507_t2_c32_0712170859_attempt1_medium_c32/sessions/agent.cast
protein-assembly	UNRESOLVED	False	unset	test_gblock - AssertionError: Fusion protein must be in the order flag - donor - dhfr - acceptor=failed	232850	10932	819.7	0.7	19	tb21_full89_batched_batch_01_of_01_terminus-2_c32_tb21_inst2507_t2_c32_0712170859_attempt1_medium_c32/protein-assembly/protein-assembly.1-of-1.tb21_full89_batched_batch_01_of_01_terminus-2_c32_tb21_inst2507_t2_c32_0712170859_attempt1_medium_c32/sessions/agent.cast
prove-plus-comm	UNRESOLVED	False	agent_timeout	test_proof_file_exists=passed;test_proof_contents=passed;test_compiled_proof_exists=failed;test_compiled_proof_content=failed	0	0	7500.2	0.8	522	tb21_full89_batched_batch_01_of_01_terminus-2_c32_tb21_inst2507_t2_c32_0712170859_attempt1_medium_c32/prove-plus-comm/prove-plus-comm.1-of-1.tb21_full89_batched_batch_01_of_01_terminus-2_c32_tb21_inst2507_t2_c32_0712170859_attempt1_medium_c32/sessions/agent.cast
pypi-server	UNRESOLVED	False	agent_timeout	test_api=failed	0	0	7500.2	1.0	195	tb21_full89_batched_batch_01_of_01_terminus-2_c32_tb21_inst2507_t2_c32_0712170859_attempt1_medium_c32/pypi-server/pypi-server.1-of-1.tb21_full89_batched_batch_01_of_01_terminus-2_c32_tb21_inst2507_t2_c32_0712170859_attempt1_medium_c32/sessions/agent.cast
pytorch-model-cli	UNRESOLVED	False	unset	test_weights_file_exists=passed;test_cli_tool_exists=passed;test_prediction_file_exists=passed;test_prediction_file_content=failed;test_cli_tool_executable=failed;test_cli_tool_output=failed	61447	6209	473.4	3.4	10	tb21_full89_batched_batch_01_of_01_terminus-2_c32_tb21_inst2507_t2_c32_0712170859_attempt1_medium_c32/pytorch-model-cli/pytorch-model-cli.1-of-1.tb21_full89_batched_batch_01_of_01_terminus-2_c32_tb21_inst2507_t2_c32_0712170859_attempt1_medium_c32/sessions/agent.cast
pytorch-model-recovery	UNRESOLVED	False	agent_timeout	test_weights_file_unchanged=passed;test_model_file_exists=failed;test_model_loads_weights=failed;test_state_dicts_match=failed;test_model_loss=failed	0	0	7500.2	2.6	92	tb21_full89_batched_batch_01_of_01_terminus-2_c32_tb21_inst2507_t2_c32_0712170859_attempt1_medium_c32/pytorch-model-recovery/pytorch-model-recovery.1-of-1.tb21_full89_batched_batch_01_of_01_terminus-2_c32_tb21_inst2507_t2_c32_0712170859_attempt1_medium_c32/sessions/agent.cast
qemu-alpine-ssh	UNRESOLVED	False	agent_timeout	test_sshpass=failed	0	0	7500.1	76.3	67	tb21_full89_batched_batch_01_of_01_terminus-2_c32_tb21_inst2507_t2_c32_0712170859_attempt1_medium_c32/qemu-alpine-ssh/qemu-alpine-ssh.1-of-1.tb21_full89_batched_batch_01_of_01_terminus-2_c32_tb21_inst2507_t2_c32_0712170859_attempt1_medium_c32/sessions/agent.cast
qemu-startup	UNRESOLVED	False	unset	test_version=failed	21413	1700	602.8	2.5	5	tb21_full89_batched_batch_01_of_01_terminus-2_c32_tb21_inst2507_t2_c32_0712170859_attempt1_medium_c32/qemu-startup/qemu-startup.1-of-1.tb21_full89_batched_batch_01_of_01_terminus-2_c32_tb21_inst2507_t2_c32_0712170859_attempt1_medium_c32/sessions/agent.cast
query-optimize	UNRESOLVED	False	unset	test_compare_golden_vs_my_sql_query_correctness=passed;test_check_for_db_modifications=passed;test_outputs_match_exactly=passed;test_solution_contains_single_sql_query=passed;test_solution_is_small=passed;test_compare_golden_vs_solution_runtime=failed	4759	1025	10.1	860.9	3	tb21_full89_batched_batch_01_of_01_terminus-2_c32_tb21_inst2507_t2_c32_0712170859_attempt1_medium_c32/query-optimize/query-optimize.1-of-1.tb21_full89_batched_batch_01_of_01_terminus-2_c32_tb21_inst2507_t2_c32_0712170859_attempt1_medium_c32/sessions/agent.cast
raman-fitting	UNRESOLVED	False	unset	test_result_file_exists=passed;test_G_Peak=failed;test_2D_Peak=failed	27686	3552	108.5	0.3	7	tb21_full89_batched_batch_01_of_01_terminus-2_c32_tb21_inst2507_t2_c32_0712170859_attempt1_medium_c32/raman-fitting/raman-fitting.1-of-1.tb21_full89_batched_batch_01_of_01_terminus-2_c32_tb21_inst2507_t2_c32_0712170859_attempt1_medium_c32/sessions/agent.cast
regex-chess	UNRESOLVED	False	agent_timeout	test_immortal_game=failed;test_game_of_century=failed;test_naroditsky_ivanchuk=failed;test_not_long=failed	0	0	7500.2	0.8	101	tb21_full89_batched_batch_01_of_01_terminus-2_c32_tb21_inst2507_t2_c32_0712170859_attempt1_medium_c32/regex-chess/regex-chess.1-of-1.tb21_full89_batched_batch_01_of_01_terminus-2_c32_tb21_inst2507_t2_c32_0712170859_attempt1_medium_c32/sessions/agent.cast
regex-log	UNRESOLVED	False	unset	test_regex_matches_dates=failed	12430	2809	40.0	0.6	5	tb21_full89_batched_batch_01_of_01_terminus-2_c32_tb21_inst2507_t2_c32_0712170859_attempt1_medium_c32/regex-log/regex-log.1-of-1.tb21_full89_batched_batch_01_of_01_terminus-2_c32_tb21_inst2507_t2_c32_0712170859_attempt1_medium_c32/sessions/agent.cast
reshard-c4-data	UNRESOLVED	False	unset	test_compress_decompress_workflow=failed	64749	5993	142.8	16.5	9	tb21_full89_batched_batch_01_of_01_terminus-2_c32_tb21_inst2507_t2_c32_0712170859_attempt1_medium_c32/reshard-c4-data/reshard-c4-data.1-of-1.tb21_full89_batched_batch_01_of_01_terminus-2_c32_tb21_inst2507_t2_c32_0712170859_attempt1_medium_c32/sessions/agent.cast
rstan-to-pystan	UNRESOLVED	False	unset	test_r_rstan_not_installed=passed;test_output_files_exist=failed;test_alpha_estimation_accuracy=failed;test_sigma_estimation_accuracy=failed;test_rho_estimation_accuracy=failed;test_beta_estimation_accuracy=failed	43006	3884	161.7	0.3	6	tb21_full89_batched_batch_01_of_01_terminus-2_c32_tb21_inst2507_t2_c32_0712170859_attempt1_medium_c32/rstan-to-pystan/rstan-to-pystan.1-of-1.tb21_full89_batched_batch_01_of_01_terminus-2_c32_tb21_inst2507_t2_c32_0712170859_attempt1_medium_c32/sessions/agent.cast
sam-cell-seg	UNRESOLVED	False	unset	test_python_file_exists=passed;test_run_script=passed;test_csv_output_exists=passed;test_csv_shape_cols=passed;test_single_contiguous_mask_per_cell=passed;test_coords_are_flat_lists=passed;test_masks_are_no_longer_rect=failed;test_mask_alignment=failed;test_no_polyline_overlaps=failed	53095	5598	106.7	7.5	7	tb21_full89_batched_batch_01_of_01_terminus-2_c32_tb21_inst2507_t2_c32_0712170859_attempt1_medium_c32/sam-cell-seg/sam-cell-seg.1-of-1.tb21_full89_batched_batch_01_of_01_terminus-2_c32_tb21_inst2507_t2_c32_0712170859_attempt1_medium_c32/sessions/agent.cast
sanitize-git-repo	UNRESOLVED	False	unset	../../tests/test_outputs.py=failed	57576	3608	2498.9	0.4	14	tb21_full89_batched_batch_01_of_01_terminus-2_c32_tb21_inst2507_t2_c32_0712170859_attempt1_medium_c32/sanitize-git-repo/sanitize-git-repo.1-of-1.tb21_full89_batched_batch_01_of_01_terminus-2_c32_tb21_inst2507_t2_c32_0712170859_attempt1_medium_c32/sessions/agent.cast
schemelike-metacircular-eval	UNRESOLVED	False	unset	test_interp=failed	148816	25229	1196.0	4.1	8	tb21_full89_batched_batch_01_of_01_terminus-2_c32_tb21_inst2507_t2_c32_0712170859_attempt1_medium_c32/schemelike-metacircular-eval/schemelike-metacircular-eval.1-of-1.tb21_full89_batched_batch_01_of_01_terminus-2_c32_tb21_inst2507_t2_c32_0712170859_attempt1_medium_c32/sessions/agent.cast
sparql-university	UNRESOLVED	False	unset	test_sparql_file_exists=passed;test_sparql_runs_without_error=passed;test_sparql_query_results=failed	8078	1165	25.0	0.8	4	tb21_full89_batched_batch_01_of_01_terminus-2_c32_tb21_inst2507_t2_c32_0712170859_attempt1_medium_c32/sparql-university/sparql-university.1-of-1.tb21_full89_batched_batch_01_of_01_terminus-2_c32_tb21_inst2507_t2_c32_0712170859_attempt1_medium_c32/sessions/agent.cast
sqlite-db-truncate	UNRESOLVED	False	unset	test_json_data=failed	87683	6064	97.6	0.6	19	tb21_full89_batched_batch_01_of_01_terminus-2_c32_tb21_inst2507_t2_c32_0712170859_attempt1_medium_c32/sqlite-db-truncate/sqlite-db-truncate.1-of-1.tb21_full89_batched_batch_01_of_01_terminus-2_c32_tb21_inst2507_t2_c32_0712170859_attempt1_medium_c32/sessions/agent.cast
sqlite-with-gcov	UNRESOLVED	False	unset	test_sqlite_compiled=failed;test_sqlite_in_path=failed;test_gcov_enabled=failed	15139	2241	59.1	0.5	6	tb21_full89_batched_batch_01_of_01_terminus-2_c32_tb21_inst2507_t2_c32_0712170859_attempt1_medium_c32/sqlite-with-gcov/sqlite-with-gcov.1-of-1.tb21_full89_batched_batch_01_of_01_terminus-2_c32_tb21_inst2507_t2_c32_0712170859_attempt1_medium_c32/sessions/agent.cast
torch-pipeline-parallelism	UNRESOLVED	False	unset	test_pipeline_parallel_exists=passed;test_no_hooks_in_pipeline_parallel=passed;test_pipeline_parallel[1]=failed;test_pipeline_parallel[2]=failed	9505	2044	408.3	36.9	3	tb21_full89_batched_batch_01_of_01_terminus-2_c32_tb21_inst2507_t2_c32_0712170859_attempt1_medium_c32/torch-pipeline-parallelism/torch-pipeline-parallelism.1-of-1.tb21_full89_batched_batch_01_of_01_terminus-2_c32_tb21_inst2507_t2_c32_0712170859_attempt1_medium_c32/sessions/agent.cast
torch-tensor-parallelism	UNRESOLVED	False	unset	test_parallel_linear_exists=passed;test_column_parallel_linear[1-True]=failed;test_column_parallel_linear[1-False]=failed;test_column_parallel_linear[2-True]=failed;test_column_parallel_linear[2-False]=failed;test_column_parallel_linear[4-True]=failed;test_column_parallel_linear[4-False]=failed;test_row_parallel_linear[1-True]=failed;test_row_parallel_linear[1-False]=failed;test_row_parallel_linear[2-True]=failed;test_row_parallel_linear[2-False]=failed;test_row_parallel_linear[4-True]=failed;test_row_parallel_linear[4-False]=failed	7080	1616	22.2	22.3	3	tb21_full89_batched_batch_01_of_01_terminus-2_c32_tb21_inst2507_t2_c32_0712170859_attempt1_medium_c32/torch-tensor-parallelism/torch-tensor-parallelism.1-of-1.tb21_full89_batched_batch_01_of_01_terminus-2_c32_tb21_inst2507_t2_c32_0712170859_attempt1_medium_c32/sessions/agent.cast
train-fasttext	UNRESOLVED	False	unset	test_accuracy=failed;test_model_size=failed	19599	1972	43.2	1.8	8	tb21_full89_batched_batch_01_of_01_terminus-2_c32_tb21_inst2507_t2_c32_0712170859_attempt1_medium_c32/train-fasttext/train-fasttext.1-of-1.tb21_full89_batched_batch_01_of_01_terminus-2_c32_tb21_inst2507_t2_c32_0712170859_attempt1_medium_c32/sessions/agent.cast
tune-mjcf	UNRESOLVED	null	unknown_agent_error		None	None	None	None	552	tb21_full89_batched_batch_01_of_01_terminus-2_c32_tb21_inst2507_t2_c32_0712170859_attempt1_medium_c32/tune-mjcf/tune-mjcf.1-of-1.tb21_full89_batched_batch_01_of_01_terminus-2_c32_tb21_inst2507_t2_c32_0712170859_attempt1_medium_c32/sessions/agent.cast
video-processing	UNRESOLVED	False	unset	test_example_video_exists=passed;test_test_video_exists=passed;test_jump_analyzer_imports=passed;test_jump_analyzer_example_video=failed;test_jump_analyzer_test_video=failed	10708	1588	21.5	1.6	4	tb21_full89_batched_batch_01_of_01_terminus-2_c32_tb21_inst2507_t2_c32_0712170859_attempt1_medium_c32/video-processing/video-processing.1-of-1.tb21_full89_batched_batch_01_of_01_terminus-2_c32_tb21_inst2507_t2_c32_0712170859_attempt1_medium_c32/sessions/agent.cast
vulnerable-secret	UNRESOLVED	False	agent_timeout	test_results_file_exists=failed;test_results_file_contains_secret_flag=failed;test_results_file_format=failed	0	0	7500.2	0.4	248	tb21_full89_batched_batch_01_of_01_terminus-2_c32_tb21_inst2507_t2_c32_0712170859_attempt1_medium_c32/vulnerable-secret/vulnerable-secret.1-of-1.tb21_full89_batched_batch_01_of_01_terminus-2_c32_tb21_inst2507_t2_c32_0712170859_attempt1_medium_c32/sessions/agent.cast
winning-avg-corewars	UNRESOLVED	False	agent_timeout	test_opponents_integrity=passed;test_warrior_exists=passed;test_warrior_performance=failed	0	0	7500.1	0.4	86	tb21_full89_batched_batch_01_of_01_terminus-2_c32_tb21_inst2507_t2_c32_0712170859_attempt1_medium_c32/winning-avg-corewars/winning-avg-corewars.1-of-1.tb21_full89_batched_batch_01_of_01_terminus-2_c32_tb21_inst2507_t2_c32_0712170859_attempt1_medium_c32/sessions/agent.cast
write-compressor	UNRESOLVED	False	agent_timeout	test_compressed_file_exists=passed;test_compression_size=passed;test_decompression_produces_original=failed	0	0	7500.2	0.6	34	tb21_full89_batched_batch_01_of_01_terminus-2_c32_tb21_inst2507_t2_c32_0712170859_attempt1_medium_c32/write-compressor/write-compressor.1-of-1.tb21_full89_batched_batch_01_of_01_terminus-2_c32_tb21_inst2507_t2_c32_0712170859_attempt1_medium_c32/sessions/agent.cast
