case	lib	all_pass	reward	passed	total	entry_exists	agent_rc	assistant_turns	seconds	note
base58/test1.py	base58	True	1	60	60	True	0	32	55.4	
base58/test10.py	base58	False	0	20	33	True	0	30	43.1	
base58/test11.py	base58	False	0	0	20	True	0	47	94.6	
base58/test12.py	base58	True	1	60	60	True	0	54	88.8	
base58/test13.py	base58	False	0	59	60	True	0	32	76.5	
base58/test14.py	base58	False	0	26	32	True	0	37	50.0	
base58/test15.py	base58	False	0	20	25	True	0	25	45.0	
base58/test16.py	base58	False	0	0	35	True	0	58	181.4	
base58/test17.py	base58	False	0	0	31	True	0	59	122.5	
base58/test18.py	base58	False	0	0	37	True	0	27	82.2	
base58/test19.py	base58	False	0	0	30	True	0	65	135.2	
base58/test2.py	base58	False	0	31	33	True	0	21	40.2	
base58/test20.py	base58	False	0	0	23	True	0	47	124.5	
base58/test3.py	base58	True	1	57	57	True	0	27	52.2	
base58/test4.py	base58	False	0	24	34	True	0	24	36.7	
base58/test5.py	base58	False	0	13	60	True	0	45	91.6	
base58/test6.py	base58	True	1	60	60	True	0	28	60.2	
base58/test7.py	base58	False	0	20	38	True	0	29	42.9	
base58/test8.py	base58	False	0	11	20	True	0	69	146.7	
base58/test9.py	base58	False	0	30	32	True	0	43	53.2	
bech32/test1.py	bech32	False	0	0	20	True	0	31	65.8	
bech32/test10.py	bech32	False	0	0	28	True	0	68	128.7	
bech32/test11.py	bech32	False	0	0	20	True	0	34	90.9	
bech32/test12.py	bech32	True	1	60	60	True	0	45	73.8	
bech32/test13.py	bech32	False	0	0	20	True	0	55	137.6	
bech32/test14.py	bech32	False	0	0	22	True	0	23	34.5	
bech32/test15.py	bech32	False	0	0	20	True	0	70	114.8	
bech32/test16.py	bech32	False	0	0	20	True	0	58	173.3	
bech32/test17.py	bech32	False	0	0	20	True	0	21	35.1	
bech32/test2.py	bech32	False	0	0	60	True	0	23	56.5	
bech32/test3.py	bech32	False	0	20	25	True	0	47	57.9	
bech32/test4.py	bech32	False	0	0	26	True	0	59	129.3	
bech32/test5.py	bech32	False	0	0	60	True	0	31	66.8	
bech32/test6.py	bech32	False	0	0	20	True	0	63	126.2	
bech32/test7.py	bech32	False	0	0	20	True	0	53	102.0	
bech32/test8.py	bech32	False	0	0	22	True	0	30	35.3	
bech32/test9.py	bech32	False	0	0	26	True	0	43	83.2	
bencoder/test1.py	bencoder	True	1	60	60	True	0	35	64.9	
bencoder/test10.py	bencoder	True	1	60	60	True	0	38	65.0	
bencoder/test11.py	bencoder	True	1	60	60	True	0	51	179.8	
bencoder/test12.py	bencoder	False	0	0	60	True	0	28	69.3	
bencoder/test13.py	bencoder	True	1	60	60	True	0	30	66.1	
bencoder/test14.py	bencoder	True	1	60	60	True	0	25	67.5	
bencoder/test15.py	bencoder	True	1	60	60	True	0	43	86.8	
bencoder/test16.py	bencoder	False	0	0	60	True	0	26	86.5	
bencoder/test17.py	bencoder	False	0	0	60	True	0	37	102.7	
bencoder/test18.py	bencoder	False	0	0	60	True	0	43	144.8	
bencoder/test19.py	bencoder	False	0	0	60	True	0	17	75.5	
bencoder/test2.py	bencoder	True	1	60	60	True	0	26	55.1	
bencoder/test3.py	bencoder	True	1	20	20	True	0	35	37.3	
bencoder/test4.py	bencoder	True	1	16	16	True	0	43	45.1	
bencoder/test5.py	bencoder	True	1	60	60	True	0	32	61.8	
bencoder/test6.py	bencoder	True	1	60	60	True	0	28	74.9	
bencoder/test7.py	bencoder	True	1	60	60	True	0	27	81.7	
bencoder/test8.py	bencoder	True	1	60	60	True	0	33	65.7	
bencoder/test9.py	bencoder	False	0	0	60	True	0	60	135.1	
bidict/test1.py	bidict	True	1	20	20	True	0	33	42.4	
bidict/test10.py	bidict	True	1	60	60	True	0	44	92.7	
bidict/test11.py	bidict	True	1	60	60	True	0	49	72.8	
bidict/test12.py	bidict	True	1	60	60	True	0	32	68.5	
bidict/test13.py	bidict	True	1	60	60	True	0	29	74.0	
bidict/test14.py	bidict	False	0	0	60	True	0	25	62.9	
bidict/test15.py	bidict	False	0	0	60	True	0	24	53.3	
bidict/test16.py	bidict	False	0	0	59	True	0	27	67.8	
bidict/test17.py	bidict	False	0	57	60	True	0	35	74.6	
bidict/test18.py	bidict	False	0	0	60	True	0	24	56.3	
bidict/test19.py	bidict	False	0	57	60	True	0	28	74.8	
bidict/test2.py	bidict	True	1	20	20	True	0	21	32.2	
bidict/test20.py	bidict	True	1	60	60	True	0	19	51.6	
bidict/test3.py	bidict	True	1	20	20	True	0	67	80.6	
bidict/test4.py	bidict	True	1	60	60	True	0	26	58.6	
bidict/test5.py	bidict	False	0	0	19	True	0	21	32.8	
bidict/test6.py	bidict	False	0	0	60	True	0	48	87.9	
bidict/test7.py	bidict	True	1	18	18	True	0	25	40.2	
bidict/test8.py	bidict	False	0	0	60	True	0	17	49.1	
bidict/test9.py	bidict	True	1	20	20	True	0	28	32.5	
boltons/test1.py	boltons	True	1	60	60	True	0	25	44.5	
boltons/test10.py	boltons	True	1	60	60	True	0	19	49.5	
boltons/test11.py	boltons	False	0	0	60	True	0	21	52.8	
boltons/test12.py	boltons	False	0	54	60	True	0	33	60.6	
boltons/test13.py	boltons	False	0	0	60	True	0	15	52.6	
boltons/test14.py	boltons	False	0	0	33	True	0	49	88.0	
boltons/test15.py	boltons	True	1	60	60	True	0	17	50.5	
boltons/test17.py	boltons	False	0	0	60	True	0	23	62.0	
boltons/test19.py	boltons	False	0	0	60	True	0	35	118.8	
boltons/test2.py	boltons	True	1	60	60	True	0	33	63.6	
boltons/test3.py	boltons	True	1	60	60	True	0	26	57.3	
boltons/test4.py	boltons	True	1	60	60	True	0	17	46.2	
boltons/test5.py	boltons	False	0	0	31	True	0	29	48.0	
boltons/test6.py	boltons	False	0	0	60	True	0	54	92.4	
boltons/test7.py	boltons	False	0	0	27	True	0	19	31.7	
boltons/test9.py	boltons	False	0	0	60	True	0	27	50.2	
canonicaljson/test1.py	canonicaljson	False	0	0	60	True	0	35	59.8	
canonicaljson/test10.py	canonicaljson	False	0	0	60	True	0	64	125.7	
canonicaljson/test11.py	canonicaljson	False	0	0	60	True	0	28	53.8	
canonicaljson/test12.py	canonicaljson	False	0	0	60	True	0	38	72.5	
canonicaljson/test13.py	canonicaljson	False	0	0	60	True	0	67	142.8	
canonicaljson/test14.py	canonicaljson	False	0	0	60	True	0	59	136.4	
canonicaljson/test15.py	canonicaljson	False	0	0	60	True	53	74	168.5	
canonicaljson/test16.py	canonicaljson	False	0	0	60	True	0	52	111.6	
canonicaljson/test17.py	canonicaljson	False	0	0	60	True	0	59	154.5	
canonicaljson/test18.py	canonicaljson	False	0	0	60	True	0	22	52.1	
canonicaljson/test19.py	canonicaljson	False	0	0	60	True	0	43	101.5	
canonicaljson/test2.py	canonicaljson	True	1	60	60	True	0	29	51.6	
canonicaljson/test20.py	canonicaljson	False	0	0	60	True	0	39	181.4	
canonicaljson/test3.py	canonicaljson	False	0	59	60	True	0	40	68.9	
canonicaljson/test4.py	canonicaljson	False	0	0	60	True	53	76	108.8	
canonicaljson/test5.py	canonicaljson	False	0	55	60	True	0	49	74.2	
canonicaljson/test6.py	canonicaljson	False	0	56	60	True	0	49	65.5	
canonicaljson/test7.py	canonicaljson	False	0	48	60	True	53	74	93.7	
canonicaljson/test8.py	canonicaljson	False	0	0	60	True	0	29	74.8	
canonicaljson/test9.py	canonicaljson	False	0	0	60	True	0	64	123.9	
construct/test1.py	construct	False	0	28	29	True	0	33	77.0	
construct/test10.py	construct	False	0	0	20	True	0	28	59.2	
construct/test12.py	construct	False	0	0	20	True	0	19	51.9	
construct/test14.py	construct	True	1	20	20	True	0	26	61.1	
construct/test15.py	construct	False	0	0	20	True	0	21	51.1	
construct/test16.py	construct	False	0	20	21	True	0	39	106.6	
construct/test17.py	construct	False	0	0	20	True	0	21	65.5	
construct/test18.py	construct	False	0	17	20	True	0	21	73.0	
construct/test19.py	construct	False	0	18	20	True	0	33	83.5	
construct/test2.py	construct	True	1	25	25	True	0	26	56.7	
construct/test20.py	construct	False	0	0	20	True	0	34	90.9	
construct/test3.py	construct	True	1	20	20	True	0	27	49.1	
construct/test4.py	construct	True	1	22	22	True	0	32	53.8	
construct/test5.py	construct	False	0	45	48	True	0	31	97.6	
construct/test6.py	construct	False	0	20	21	True	0	38	83.3	
construct/test7.py	construct	False	0	6	21	True	0	47	104.0	
construct/test8.py	construct	True	1	20	20	True	0	25	55.0	
deepdiff/test1.py	deepdiff	False	0	0	60	True	0	40	414.9	
deepdiff/test10.py	deepdiff	False	0	0	60	True	0	25	366.8	
deepdiff/test11.py	deepdiff	False	0	0	60	True	0	45	447.2	
deepdiff/test12.py	deepdiff	False	0	0	60	True	0	30	397.5	
deepdiff/test15.py	deepdiff	False	0	0	60	True	0	45	412.5	
deepdiff/test16.py	deepdiff	False	0	0	60	True	0	29	406.1	
deepdiff/test18.py	deepdiff	False	0	0	60	True	0	28	428.2	
deepdiff/test2.py	deepdiff	False	0	35	60	True	0	28	402.4	
deepdiff/test3.py	deepdiff	True	1	60	60	True	0	35	454.7	
deepdiff/test4.py	deepdiff	False	0	58	60	True	0	54	431.0	
deepdiff/test6.py	deepdiff	False	0	0	60	True	0	28	392.8	
fractions/test1.py	fractions	True	1	29	29	True	0	18	34.0	
fractions/test11.py	fractions	True	1	60	60	True	0	25	50.6	
fractions/test12.py	fractions	False	0	0	60	True	0	22	53.0	
fractions/test13.py	fractions	False	0	26	59	True	0	22	51.2	
fractions/test14.py	fractions	True	1	60	60	True	0	18	49.4	
fractions/test15.py	fractions	True	1	15	15	True	0	23	39.5	
fractions/test16.py	fractions	False	0	34	60	True	0	17	49.2	
fractions/test17.py	fractions	True	1	56	56	True	0	54	267.7	
fractions/test19.py	fractions	False	0	13	58	True	0	55	120.2	
fractions/test2.py	fractions	True	1	60	60	True	0	26	52.0	
fractions/test20.py	fractions	False	0	0	60	True	0	23	53.9	
fractions/test3.py	fractions	False	0	5	60	True	0	43	82.1	
fractions/test4.py	fractions	True	1	25	25	True	0	21	35.2	
fractions/test5.py	fractions	False	0	32	58	True	0	49	99.3	
fractions/test6.py	fractions	True	1	60	60	True	0	23	51.7	
fractions/test7.py	fractions	True	1	60	60	True	0	31	58.2	
fractions/test8.py	fractions	False	0	59	60	True	0	23	44.7	
fractions/test9.py	fractions	False	0	5	60	True	0	62	128.6	
furl/test1.py	furl	True	1	60	60	True	0	48	71.5	
furl/test10.py	furl	False	0	0	60	True	0	27	55.8	
furl/test11.py	furl	True	1	60	60	True	0	26	54.5	
furl/test12.py	furl	False	0	35	60	True	0	49	81.4	
furl/test13.py	furl	False	0	0	60	True	0	46	89.4	
furl/test2.py	furl	False	0	41	60	True	0	26	49.9	
furl/test3.py	furl	False	0	39	60	True	0	19	44.9	
furl/test4.py	furl	False	0	59	60	True	0	72	94.5	
furl/test5.py	furl	False	0	56	60	True	0	27	52.6	
furl/test6.py	furl	False	0	40	60	True	0	26	54.8	
furl/test7.py	furl	False	0	53	60	True	0	15	44.5	
furl/test8.py	furl	False	0	55	60	True	0	34	70.1	
furl/test9.py	furl	False	0	37	60	True	0	29	53.4	
idna/test1.py	idna	False	0	29	50	True	0	48	69.5	
idna/test10.py	idna	False	0	0	60	True	0	75	142.6	
idna/test11.py	idna	False	0	0	60	True	0	53	124.8	
idna/test12.py	idna	False	0	0	60	True	0	30	75.1	
idna/test13.py	idna	False	0	0	20	True	0	67	98.3	
idna/test14.py	idna	False	0	6	60	True	0	57	113.8	
idna/test15.py	idna	False	0	6	60	True	0	39	66.9	
idna/test16.py	idna	False	0	0	20	True	0	61	82.0	
idna/test17.py	idna	False	0	0	20	True	0	60	137.6	
idna/test18.py	idna	False	0	0	60	True	0	48	142.3	
idna/test19.py	idna	False	0	0	20	True	0	73	125.5	
idna/test2.py	idna	False	0	0	55	True	0	42	80.2	
idna/test20.py	idna	False	0	0	20	True	53	69	156.8	
idna/test3.py	idna	False	0	2	19	True	0	43	95.2	
idna/test4.py	idna	False	0	0	18	True	0	36	56.9	
idna/test5.py	idna	False	0	22	60	True	0	46	94.6	
idna/test6.py	idna	False	0	29	51	True	53	78	114.4	
idna/test7.py	idna	False	0	0	60	True	0	53	89.1	
idna/test8.py	idna	False	0	0	20	True	0	40	41.0	
idna/test9.py	idna	False	0	3	60	True	0	34	82.1	
jose/test1.py	jose	True	1	60	60	True	0	22	70.8	
jose/test10.py	jose	False	0	0	60	True	0	27	83.7	
jose/test11.py	jose	False	0	0	60	True	0	39	92.2	
jose/test12.py	jose	False	0	18	20	True	0	35	69.4	
jose/test13.py	jose	False	0	0	60	True	0	19	67.3	
jose/test15.py	jose	False	0	0	60	True	0	23	74.5	
jose/test16.py	jose	False	0	0	20	True	0	51	86.4	
jose/test17.py	jose	False	0	0	20	True	0	39	64.3	
jose/test19.py	jose	False	0	0	20	True	0	40	93.8	
jose/test2.py	jose	True	1	20	20	True	0	31	46.0	
jose/test3.py	jose	False	0	0	60	True	0	15	61.4	
jose/test4.py	jose	False	0	0	20	True	0	29	62.6	
jose/test6.py	jose	False	0	0	60	True	0	23	76.8	
jose/test7.py	jose	False	0	0	60	True	0	42	99.3	
jose/test8.py	jose	False	0	0	60	True	0	17	68.8	
jose/test9.py	jose	True	1	20	20	True	0	26	40.8	
jsonschema/test1.py	jsonschema	True	1	35	35	True	0	51	86.0	
jsonschema/test10.py	jsonschema	False	0	0	60	True	0	15	72.3	
jsonschema/test11.py	jsonschema	False	0	27	60	True	0	15	74.8	
jsonschema/test12.py	jsonschema	False	0	0	60	True	0	13	74.8	
jsonschema/test13.py	jsonschema	False	0	38	60	True	0	27	88.7	
jsonschema/test14.py	jsonschema	False	0	50	60	True	0	37	83.7	
jsonschema/test15.py	jsonschema	False	0	32	60	True	0	26	82.3	
jsonschema/test16.py	jsonschema	False	0	0	60	True	0	21	78.2	
jsonschema/test18.py	jsonschema	False	0	0	60	True	0	19	72.7	
jsonschema/test19.py	jsonschema	False	0	0	60	True	0	27	88.7	
jsonschema/test2.py	jsonschema	False	0	39	60	True	0	27	98.4	
jsonschema/test20.py	jsonschema	False	0	0	58	True	0	31	95.8	
jsonschema/test3.py	jsonschema	False	0	58	60	True	0	19	72.0	
jsonschema/test4.py	jsonschema	False	0	40	60	True	0	37	82.5	
jsonschema/test5.py	jsonschema	False	0	46	60	True	0	47	100.6	
jsonschema/test6.py	jsonschema	False	0	0	60	True	0	25	76.7	
jsonschema/test7.py	jsonschema	False	0	0	60	True	0	19	79.5	
jsonschema/test8.py	jsonschema	False	0	0	60	True	0	43	108.3	
jsonschema/test9.py	jsonschema	False	0	0	60	True	53	74	162.1	
markdown/test1.py	markdown	False	0	52	60	True	0	63	188.6	
markdown/test10.py	markdown	False	0	0	60	True	0	47	165.9	
markdown/test11.py	markdown	False	0	0	60	True	53	71	212.9	
markdown/test12.py	markdown	False	0	0	60	True	0	61	215.9	
markdown/test13.py	markdown	False	0	52	60	True	53	77	242.9	
markdown/test14.py	markdown	False	0	50	60	True	0	75	231.1	
markdown/test15.py	markdown	False	0	0	60	True	0	73	292.9	
markdown/test16.py	markdown	False	0	0	60	True	0	52	186.7	
markdown/test17.py	markdown	False	0	0	60	True	0	66	209.1	
markdown/test18.py	markdown	False	0	0	60	True	0	43	191.9	
markdown/test19.py	markdown	False	0	55	60	True	0	45	176.8	
markdown/test2.py	markdown	False	0	0	60	True	53	78	212.6	
markdown/test20.py	markdown	False	0	0	60	True	0	41	211.4	
markdown/test3.py	markdown	False	0	50	60	True	53	72	181.7	
markdown/test4.py	markdown	False	0	48	60	True	53	70	180.4	
markdown/test5.py	markdown	False	0	54	60	True	0	68	172.6	
markdown/test6.py	markdown	False	0	52	60	True	0	44	158.5	
markdown/test7.py	markdown	False	0	50	60	True	53	80	217.9	
markdown/test8.py	markdown	False	0	50	60	True	53	75	223.1	
markdown/test9.py	markdown	False	0	50	60	True	0	73	239.8	
moneyed/test1.py	moneyed	False	0	59	60	True	0	26	93.4	
moneyed/test10.py	moneyed	False	0	0	20	True	0	56	67.1	
moneyed/test11.py	moneyed	True	1	20	20	True	0	19	50.2	
moneyed/test12.py	moneyed	False	0	0	20	True	0	33	55.2	
moneyed/test13.py	moneyed	False	0	0	20	True	0	31	57.2	
moneyed/test14.py	moneyed	False	0	0	20	True	0	36	70.2	
moneyed/test15.py	moneyed	False	0	0	20	True	0	31	66.0	
moneyed/test16.py	moneyed	False	0	0	20	True	0	29	49.6	
moneyed/test17.py	moneyed	False	0	0	20	True	0	22	49.8	
moneyed/test18.py	moneyed	False	0	0	20	True	0	31	59.8	
moneyed/test19.py	moneyed	False	0	0	20	True	0	27	53.2	
moneyed/test2.py	moneyed	True	1	20	20	True	0	24	46.2	
moneyed/test20.py	moneyed	False	0	0	20	True	0	27	59.1	
moneyed/test3.py	moneyed	False	0	19	20	True	0	31	64.0	
moneyed/test5.py	moneyed	False	0	17	20	True	0	63	122.0	
moneyed/test6.py	moneyed	True	1	20	20	True	0	19	44.4	
moneyed/test7.py	moneyed	True	1	20	20	True	0	23	51.1	
moneyed/test8.py	moneyed	False	0	0	20	True	0	35	56.9	
moneyed/test9.py	moneyed	True	1	20	20	True	0	24	54.0	
mpmath/test1.py	mpmath	False	0	8	60	True	0	40	132.2	
mpmath/test10.py	mpmath	False	0	0	60	True	0	22	112.8	
mpmath/test11.py	mpmath	False	0	0	56	True	53	67	227.9	
mpmath/test12.py	mpmath	False	0	1	60	True	0	60	212.8	
mpmath/test13.py	mpmath	False	0	0	60	True	0	59	207.7	
mpmath/test14.py	mpmath	False	0	None	None	None	None	None	161.2	crash@judge->rejudged genuine_fail (TimeoutExpired)
mpmath/test15.py	mpmath	False	0	0	60	True	0	19	112.6	
mpmath/test16.py	mpmath	False	0	0	60	True	0	55	204.4	
mpmath/test17.py	mpmath	False	0	0	56	True	0	33	232.1	
mpmath/test18.py	mpmath	False	0	0	60	True	0	48	436.5	
mpmath/test19.py	mpmath	False	0	0	60	True	0	41	225.5	
mpmath/test2.py	mpmath	False	0	46	60	True	0	43	122.2	
mpmath/test3.py	mpmath	False	0	2	60	True	0	22	113.1	
mpmath/test4.py	mpmath	False	0	0	60	True	0	31	136.6	
mpmath/test5.py	mpmath	False	0	3	60	True	0	21	110.6	
mpmath/test6.py	mpmath	False	0	18	60	True	0	44	149.2	
mpmath/test7.py	mpmath	False	0	42	60	True	0	40	142.2	
mpmath/test8.py	mpmath	False	0	0	60	True	0	25	120.3	
mpmath/test9.py	mpmath	False	0	0	60	True	0	51	149.4	
networkx/test1.py	networkx	True	1	60	60	True	0	15	334.1	
networkx/test10.py	networkx	False	0	0	60	True	0	63	462.9	
networkx/test11.py	networkx	False	0	1	60	True	0	70	519.3	
networkx/test13.py	networkx	False	0	0	60	True	53	68	485.6	
networkx/test14.py	networkx	False	0	5	60	True	0	31	462.9	
networkx/test15.py	networkx	True	1	60	60	True	0	47	423.8	
networkx/test16.py	networkx	False	0	0	49	True	0	55	408.4	
networkx/test17.py	networkx	False	0	4	58	True	0	45	409.9	
networkx/test2.py	networkx	True	1	60	60	True	0	23	314.7	
networkx/test20.py	networkx	False	0	0	39	True	0	39	263.2	
networkx/test3.py	networkx	True	1	60	60	True	0	31	370.6	
networkx/test4.py	networkx	False	0	0	60	True	53	64	415.0	
networkx/test5.py	networkx	True	1	60	60	True	0	26	343.0	
networkx/test6.py	networkx	False	0	59	60	True	0	23	346.0	
networkx/test7.py	networkx	False	0	0	60	True	0	49	461.8	
pbkdf2/test1.py	pbkdf2	True	1	60	60	True	0	30	61.9	
pbkdf2/test10.py	pbkdf2	False	0	0	51	True	53	77	174.7	
pbkdf2/test11.py	pbkdf2	True	1	60	60	True	0	64	106.8	
pbkdf2/test13.py	pbkdf2	True	1	60	60	True	0	39	105.0	
pbkdf2/test14.py	pbkdf2	False	0	0	60	True	0	65	122.3	
pbkdf2/test15.py	pbkdf2	False	0	0	55	True	0	53	230.2	
pbkdf2/test16.py	pbkdf2	False	0	0	56	True	0	54	152.0	
pbkdf2/test2.py	pbkdf2	False	0	0	51	True	0	70	153.6	
pbkdf2/test4.py	pbkdf2	True	1	60	60	True	0	25	56.9	
pbkdf2/test6.py	pbkdf2	False	0	0	60	True	0	62	130.6	
pbkdf2/test7.py	pbkdf2	False	0	0	60	True	0	56	114.5	
pbkdf2/test8.py	pbkdf2	False	0	0	37	True	0	44	158.3	
pyaes/test10.py	pyaes	False	0	0	20	True	0	54	148.1	
pyaes/test11.py	pyaes	False	0	2	14	True	0	49	69.2	
pyaes/test12.py	pyaes	False	0	0	20	True	0	55	126.7	
pyaes/test13.py	pyaes	False	0	4	20	True	0	60	234.5	
pyaes/test14.py	pyaes	False	0	0	19	True	0	51	62.6	
pyaes/test15.py	pyaes	False	0	1	20	True	0	57	128.5	
pyaes/test16.py	pyaes	False	0	0	20	True	0	63	241.0	
pyaes/test17.py	pyaes	False	0	0	20	True	0	61	117.9	
pyaes/test18.py	pyaes	False	0	5	20	True	0	38	117.4	
pyaes/test19.py	pyaes	False	0	0	20	True	0	41	223.2	
pyaes/test2.py	pyaes	False	0	0	18	True	0	54	222.6	
pyaes/test4.py	pyaes	False	0	5	18	True	0	60	143.9	
pyaes/test5.py	pyaes	True	1	20	20	True	0	44	197.5	
pyaes/test6.py	pyaes	False	0	0	20	True	0	62	177.0	
pyaes/test7.py	pyaes	False	0	0	19	True	0	63	102.1	
pyaes/test8.py	pyaes	False	0	15	20	True	0	38	51.9	
pyaes/test9.py	pyaes	False	0	0	20	True	0	61	109.1	
rsa/test10.py	rsa	False	0	24	27	True	0	20	123.3	
rsa/test11.py	rsa	True	1	14	14	True	0	33	53.1	
rsa/test15.py	rsa	False	0	0	60	True	0	37	67.4	
rsa/test16.py	rsa	True	1	59	59	True	0	29	63.6	
rsa/test17.py	rsa	False	0	None	None	None	None	None	11.7	crash@judge->rejudged genuine_fail (0/16)
rsa/test18.py	rsa	False	0	6	15	True	0	53	129.5	
rsa/test19.py	rsa	False	0	16	17	True	0	44	66.0	
rsa/test2.py	rsa	False	0	None	None	None	None	None	82.6	crash@judge->rejudged genuine_fail (TimeoutExpired)
rsa/test5.py	rsa	False	0	None	None	None	None	None	59.8	crash@judge->rejudged genuine_fail (TimeoutExpired)
rsa/test7.py	rsa	False	0	57	60	True	0	46	84.2	
rsa/test8.py	rsa	False	0	13	15	True	0	33	80.0	
schedule/test1.py	schedule	True	1	60	60	True	0	23	48.4	
schedule/test10.py	schedule	True	1	60	60	True	0	29	80.7	
schedule/test11.py	schedule	True	1	60	60	True	0	19	52.8	
schedule/test12.py	schedule	True	1	60	60	True	0	23	71.8	
schedule/test13.py	schedule	True	1	60	60	True	0	43	98.9	
schedule/test14.py	schedule	False	0	0	60	True	53	74	145.3	
schedule/test16.py	schedule	True	1	60	60	True	0	25	56.7	
schedule/test18.py	schedule	False	0	0	60	True	53	71	231.1	
schedule/test19.py	schedule	False	0	0	60	True	0	39	76.4	
schedule/test2.py	schedule	True	1	60	60	True	0	26	50.8	
schedule/test20.py	schedule	False	0	0	60	True	53	71	158.1	
schedule/test3.py	schedule	True	1	60	60	True	0	18	45.5	
schedule/test4.py	schedule	True	1	60	60	True	0	36	66.1	
schedule/test5.py	schedule	True	1	60	60	True	0	19	50.0	
schedule/test6.py	schedule	True	1	60	60	True	0	27	48.8	
schedule/test7.py	schedule	True	1	60	60	True	0	29	68.7	
schedule/test9.py	schedule	True	1	60	60	True	0	21	51.0	
sqlparse/test10.py	sqlparse	False	0	27	60	True	0	69	141.5	
sqlparse/test16.py	sqlparse	False	0	1	60	True	53	67	108.1	
sqlparse/test2.py	sqlparse	False	0	1	60	True	0	39	90.0	
sqlparse/test3.py	sqlparse	False	0	47	60	True	0	72	168.3	
sqlparse/test4.py	sqlparse	False	0	50	60	True	0	56	119.4	
sqlparse/test7.py	sqlparse	False	0	0	60	True	0	40	98.0	
sqlparse/test9.py	sqlparse	False	0	42	60	True	0	53	136.8	
whoosh/test1.py	whoosh	True	1	60	60	True	0	31	67.1	
whoosh/test10.py	whoosh	False	0	13	60	True	0	31	85.0	
whoosh/test11.py	whoosh	True	1	60	60	True	0	28	60.6	
whoosh/test14.py	whoosh	True	1	56	56	True	0	27	63.0	
whoosh/test15.py	whoosh	False	0	58	60	True	0	21	56.6	
whoosh/test16.py	whoosh	False	0	18	60	True	0	47	110.9	
whoosh/test17.py	whoosh	True	1	57	57	True	0	30	64.8	
whoosh/test18.py	whoosh	False	0	25	60	True	0	36	103.2	
whoosh/test19.py	whoosh	True	1	60	60	True	0	22	61.7	
whoosh/test2.py	whoosh	True	1	60	60	True	0	28	56.2	
whoosh/test20.py	whoosh	True	1	60	60	True	0	25	68.9	
whoosh/test3.py	whoosh	True	1	60	60	True	0	29	58.4	
whoosh/test4.py	whoosh	False	0	52	60	True	0	33	59.9	
whoosh/test5.py	whoosh	False	0	55	60	True	0	24	57.2	
whoosh/test6.py	whoosh	True	1	60	60	True	0	26	58.6	
whoosh/test7.py	whoosh	False	0	58	60	True	0	36	72.7	
whoosh/test8.py	whoosh	True	1	59	59	True	0	39	77.8	
whoosh/test9.py	whoosh	True	1	59	59	True	0	46	85.3	
yaml/test1.py	yaml	False	0	44	60	True	53	79	129.5	
yaml/test10.py	yaml	False	0	53	60	True	0	45	83.7	
yaml/test11.py	yaml	False	0	55	60	True	0	50	88.3	
yaml/test12.py	yaml	False	0	36	60	True	53	63	100.1	
yaml/test13.py	yaml	False	0	1	60	True	53	71	151.1	
yaml/test14.py	yaml	False	0	37	60	True	0	65	117.2	
yaml/test15.py	yaml	False	0	51	60	True	0	49	112.0	
yaml/test16.py	yaml	False	0	49	60	True	0	51	101.8	
yaml/test17.py	yaml	False	0	48	60	True	0	55	93.4	
yaml/test18.py	yaml	False	0	0	60	True	0	45	145.8	
yaml/test19.py	yaml	False	0	46	60	True	0	58	109.0	
yaml/test2.py	yaml	False	0	2	27	True	53	70	108.9	
yaml/test20.py	yaml	False	0	3	60	True	0	69	116.9	
yaml/test4.py	yaml	False	0	46	60	True	53	73	91.1	
yaml/test5.py	yaml	False	0	47	60	True	0	67	94.1	
yaml/test6.py	yaml	False	0	3	60	True	0	72	114.9	
yaml/test7.py	yaml	False	0	37	60	True	53	70	113.7	
yaml/test8.py	yaml	False	0	47	60	True	0	52	72.6	
yaml/test9.py	yaml	False	0	3	60	True	0	57	90.3	
